"new.names";"old.names"
"BlankD_R1.fastq.gz";"Blank_R1.fastq.gz"
"BlankD_R2.fastq.gz";"Blank_R2.fastq.gz"
"HW24D_R1.fastq.gz";"HW24_R1.fastq.gz"
"HW24D_R2.fastq.gz";"HW24_R2.fastq.gz"
"HW24R_R1.fastq.gz";"HW24R_R1.fastq.gz"
"HW24R_R2.fastq.gz";"HW24R_R2.fastq.gz"
"HW25D_R1.fastq.gz";"HW25_R1.fastq.gz"
"HW25D_R2.fastq.gz";"HW25_R2.fastq.gz"
"HW25R_R1.fastq.gz";"HW25R_R1.fastq.gz"
"HW25R_R2.fastq.gz";"HW25R_R2.fastq.gz"
"HW26D_R1.fastq.gz";"HW26_R1.fastq.gz"
"HW26D_R2.fastq.gz";"HW26_R2.fastq.gz"
"HW26R_R1.fastq.gz";"HW26R_R1.fastq.gz"
"HW26R_R2.fastq.gz";"HW26R_R2.fastq.gz"
"HW27D_R1.fastq.gz";"HW27_R1.fastq.gz"
"HW27D_R2.fastq.gz";"HW27_R2.fastq.gz"
"HW27R_R1.fastq.gz";"HW27R_R1.fastq.gz"
"HW27R_R2.fastq.gz";"HW27R_R2.fastq.gz"
"HW28D_R1.fastq.gz";"HW28D_R1.fastq.gz"
"HW28D_R2.fastq.gz";"HW28D_R2.fastq.gz"
"HW28R_R1.fastq.gz";"HW28R_R1.fastq.gz"
"HW28R_R2.fastq.gz";"HW28R_R2.fastq.gz"
"HW30D_R1.fastq.gz";"HW30D_R1.fastq.gz"
"HW30D_R2.fastq.gz";"HW30D_R2.fastq.gz"
"HW30R_R1.fastq.gz";"HW30R_R1.fastq.gz"
"HW30R_R2.fastq.gz";"HW30R_R2.fastq.gz"
"HW31D_R1.fastq.gz";"HW31D_R1.fastq.gz"
"HW31D_R2.fastq.gz";"HW31D_R2.fastq.gz"
"HW31R_R1.fastq.gz";"HW31R_R1.fastq.gz"
"HW31R_R2.fastq.gz";"HW31R_R2.fastq.gz"
"HW32D_R1.fastq.gz";"HW32_R1.fastq.gz"
"HW32D_R2.fastq.gz";"HW32_R2.fastq.gz"
"HW32R_R1.fastq.gz";"HW32R_R1.fastq.gz"
"HW32R_R2.fastq.gz";"HW32R_R2.fastq.gz"
"HW33D_R1.fastq.gz";"HW33_R1.fastq.gz"
"HW33D_R2.fastq.gz";"HW33_R2.fastq.gz"
"HW34D_R1.fastq.gz";"HW34_R1.fastq.gz"
"HW34D_R2.fastq.gz";"HW34_R2.fastq.gz"
"HW34R_R1.fastq.gz";"HW34R_R1.fastq.gz"
"HW34R_R2.fastq.gz";"HW34R_R2.fastq.gz"
"HW35D_R1.fastq.gz";"HW35_R1.fastq.gz"
"HW35D_R2.fastq.gz";"HW35_R2.fastq.gz"
"HW35R_R1.fastq.gz";"HW35R_R1.fastq.gz"
"HW35R_R2.fastq.gz";"HW35R_R2.fastq.gz"
"HW36D_R1.fastq.gz";"HW36_R1.fastq.gz"
"HW36D_R2.fastq.gz";"HW36_R2.fastq.gz"
"HW36R_R1.fastq.gz";"HW36R_R1.fastq.gz"
"HW36R_R2.fastq.gz";"HW36R_R2.fastq.gz"
"HW37D_R1.fastq.gz";"HW37_R1.fastq.gz"
"HW37D_R2.fastq.gz";"HW37_R2.fastq.gz"
"HW37R_R1.fastq.gz";"HW37R_R1.fastq.gz"
"HW37R_R2.fastq.gz";"HW37R_R2.fastq.gz"
"HW40D_R1.fastq.gz";"HW40_R1.fastq.gz"
"HW40D_R2.fastq.gz";"HW40_R2.fastq.gz"
"HW40R_R1.fastq.gz";"HW40R_R1.fastq.gz"
"HW40R_R2.fastq.gz";"HW40R_R2.fastq.gz"
"HW42D_R1.fastq.gz";"HW42_R1.fastq.gz"
"HW42D_R2.fastq.gz";"HW42_R2.fastq.gz"
"HW42R_R1.fastq.gz";"HW42R_R1.fastq.gz"
"HW42R_R2.fastq.gz";"HW42R_R2.fastq.gz"
"HW43D_R1.fastq.gz";"HW43_R1.fastq.gz"
"HW43D_R2.fastq.gz";"HW43_R2.fastq.gz"
"L230R_R1.fastq.gz";"L230R_R1.fastq.gz"
"L230R_R2.fastq.gz";"L230R_R2.fastq.gz"
"L3281D_R1.fastq.gz";"L328-1D_R1.fastq.gz"
"L3281D_R2.fastq.gz";"L328-1D_R2.fastq.gz"
"L3281R_R1.fastq.gz";"L328-1R_R1.fastq.gz"
"L3281R_R2.fastq.gz";"L328-1R_R2.fastq.gz"
"L3282R_R1.fastq.gz";"L328-2R_R1.fastq.gz"
"L3282R_R2.fastq.gz";"L328-2R_R2.fastq.gz"
"L3291D_R1.fastq.gz";"L329-1_R1.fastq.gz"
"L3291D_R2.fastq.gz";"L329-1_R2.fastq.gz"
"L3291R_R1.fastq.gz";"L329-1R_R1.fastq.gz"
"L3291R_R2.fastq.gz";"L329-1R_R2.fastq.gz"
"L3292D_R1.fastq.gz";"L329-2_R1.fastq.gz"
"L3292D_R2.fastq.gz";"L329-2_R2.fastq.gz"
"L3292R_R1.fastq.gz";"L329-2R_R1.fastq.gz"
"L3292R_R2.fastq.gz";"L329-2R_R2.fastq.gz"
"L330D_R1.fastq.gz";"L330_R1.fastq.gz"
"L330D_R2.fastq.gz";"L330_R2.fastq.gz"
"L330CM1R_R1.fastq.gz";"L330CM1R_R1.fastq.gz"
"L330CM1R_R2.fastq.gz";"L330CM1R_R2.fastq.gz"
"L330CM2D_R1.fastq.gz";"L330CM2D_R1.fastq.gz"
"L330CM2D_R2.fastq.gz";"L330CM2D_R2.fastq.gz"
"L330CM2R_R1.fastq.gz";"L330CM2R_R1.fastq.gz"
"L330CM2R_R2.fastq.gz";"L330CM2R_R2.fastq.gz"
"L330CM3D_R1.fastq.gz";"L330CM3D_R1.fastq.gz"
"L330CM3D_R2.fastq.gz";"L330CM3D_R2.fastq.gz"
"L330R_R1.fastq.gz";"L330R_R1.fastq.gz"
"L330R_R2.fastq.gz";"L330R_R2.fastq.gz"
"L331D_R1.fastq.gz";"L331_R1.fastq.gz"
"L331D_R2.fastq.gz";"L331_R2.fastq.gz"
"L331R_R1.fastq.gz";"L331R_R1.fastq.gz"
"L331R_R2.fastq.gz";"L331R_R2.fastq.gz"
"L331SD_R1.fastq.gz";"L331SD_R1.fastq.gz"
"L331SD_R2.fastq.gz";"L331SD_R2.fastq.gz"
"L331SR_R1.fastq.gz";"L331SR_R1.fastq.gz"
"L331SR_R2.fastq.gz";"L331SR_R2.fastq.gz"
"L332D_R1.fastq.gz";"L332_R1.fastq.gz"
"L332D_R2.fastq.gz";"L332_R2.fastq.gz"
"L332R_R1.fastq.gz";"L332R_R1.fastq.gz"
"L332R_R2.fastq.gz";"L332R_R2.fastq.gz"
"L332SD_R1.fastq.gz";"L332SD_R1.fastq.gz"
"L332SD_R2.fastq.gz";"L332SD_R2.fastq.gz"
"L332SR_R1.fastq.gz";"L332SR_R1.fastq.gz"
"L332SR_R2.fastq.gz";"L332SR_R2.fastq.gz"
"L333D_R1.fastq.gz";"L333_R1.fastq.gz"
"L333D_R2.fastq.gz";"L333_R2.fastq.gz"
"L333DSeq_R1.fastq.gz";"L333DSeq_R1.fastq.gz"
"L333DSeq_R2.fastq.gz";"L333DSeq_R2.fastq.gz"
"L333R_R1.fastq.gz";"L333R_R1.fastq.gz"
"L333R_R2.fastq.gz";"L333R_R2.fastq.gz"
"L334D_R1.fastq.gz";"L334_R1.fastq.gz"
"L334D_R2.fastq.gz";"L334_R2.fastq.gz"
"L334R_R1.fastq.gz";"L334R_R1.fastq.gz"
"L334R_R2.fastq.gz";"L334R_R2.fastq.gz"
"L3351D_R1.fastq.gz";"L335-1_R1.fastq.gz"
"L3351D_R2.fastq.gz";"L335-1_R2.fastq.gz"
"L3362D_R1.fastq.gz";"L336-2_R1.fastq.gz"
"L3362D_R2.fastq.gz";"L336-2_R2.fastq.gz"
"L349D_R1.fastq.gz";"L349D_R1.fastq.gz"
"L349D_R2.fastq.gz";"L349D_R2.fastq.gz"
"L349R_R1.fastq.gz";"L349R_R1.fastq.gz"
"L349R_R2.fastq.gz";"L349R_R2.fastq.gz"
"PR01D_R1.fastq.gz";"LR001_R1.fastq.gz"
"PR01D_R2.fastq.gz";"LR001_R2.fastq.gz"
"PR03D_R1.fastq.gz";"LR002_R1.fastq.gz"
"PR03D_R2.fastq.gz";"LR002_R2.fastq.gz"
"PR03DSeq_R1.fastq.gz";"LR002d_R1.fastq.gz"
"PR03DSeq_R2.fastq.gz";"LR002d_R2.fastq.gz"
"PR05D_R1.fastq.gz";"LR003_R1.fastq.gz"
"PR05D_R2.fastq.gz";"LR003_R2.fastq.gz"
"PR07D_R1.fastq.gz";"LR004_R1.fastq.gz"
"PR07D_R2.fastq.gz";"LR004_R2.fastq.gz"
"PR09D_R1.fastq.gz";"LR005_R1.fastq.gz"
"PR09D_R2.fastq.gz";"LR005_R2.fastq.gz"
"LR01D_R1.fastq.gz";"LR006_R1.fastq.gz"
"LR01D_R2.fastq.gz";"LR006_R2.fastq.gz"
"LR03D_R1.fastq.gz";"LR007_R1.fastq.gz"
"LR03D_R2.fastq.gz";"LR007_R2.fastq.gz"
"LR05D_R1.fastq.gz";"LR008_R1.fastq.gz"
"LR05D_R2.fastq.gz";"LR008_R2.fastq.gz"
"LR06D_R1.fastq.gz";"LR009_R1.fastq.gz"
"LR06D_R2.fastq.gz";"LR009_R2.fastq.gz"
"LR09D_R1.fastq.gz";"LR010_R1.fastq.gz"
"LR09D_R2.fastq.gz";"LR010_R2.fastq.gz"
"LR10D_R1.fastq.gz";"LR011_R1.fastq.gz"
"LR10D_R2.fastq.gz";"LR011_R2.fastq.gz"
"PR11D_R1.fastq.gz";"LR012_R1.fastq.gz"
"PR11D_R2.fastq.gz";"LR012_R2.fastq.gz"
"LR12D_R1.fastq.gz";"LR013_R1.fastq.gz"
"LR12D_R2.fastq.gz";"LR013_R2.fastq.gz"
"LR13D_R1.fastq.gz";"LR014_R1.fastq.gz"
"LR13D_R2.fastq.gz";"LR014_R2.fastq.gz"
"LR14D_R1.fastq.gz";"LR015_R1.fastq.gz"
"LR14D_R2.fastq.gz";"LR015_R2.fastq.gz"
"LR15D_R1.fastq.gz";"LR016_R1.fastq.gz"
"LR15D_R2.fastq.gz";"LR016_R2.fastq.gz"
"LR17D_R1.fastq.gz";"LR017_R1.fastq.gz"
"LR17D_R2.fastq.gz";"LR017_R2.fastq.gz"
"LR18D_R1.fastq.gz";"LR018_R1.fastq.gz"
"LR18D_R2.fastq.gz";"LR018_R2.fastq.gz"
"LR18DSeq_R1.fastq.gz";"LR018d_R1.fastq.gz"
"LR18DSeq_R2.fastq.gz";"LR018d_R2.fastq.gz"
"LR19D_R1.fastq.gz";"LR019_R1.fastq.gz"
"LR19D_R2.fastq.gz";"LR019_R2.fastq.gz"
"LR20D_R1.fastq.gz";"LR020_R1.fastq.gz"
"LR20D_R2.fastq.gz";"LR020_R2.fastq.gz"
"LRH04D_R1.fastq.gz";"LR021_R1.fastq.gz"
"LRH04D_R2.fastq.gz";"LR021_R2.fastq.gz"
"LRH07D_R1.fastq.gz";"LR022_R1.fastq.gz"
"LRH07D_R2.fastq.gz";"LR022_R2.fastq.gz"
"LRH08D_R1.fastq.gz";"LR023_R1.fastq.gz"
"LRH08D_R2.fastq.gz";"LR023_R2.fastq.gz"
"LRH09D_R1.fastq.gz";"LR024_R1.fastq.gz"
"LRH09D_R2.fastq.gz";"LR024_R2.fastq.gz"
"LRH10D_R1.fastq.gz";"LR025_R1.fastq.gz"
"LRH10D_R2.fastq.gz";"LR025_R2.fastq.gz"
"RO201D_R1.fastq.gz";"LR026_R1.fastq.gz"
"RO201D_R2.fastq.gz";"LR026_R2.fastq.gz"
"RO203D_R1.fastq.gz";"LR027_R1.fastq.gz"
"RO203D_R2.fastq.gz";"LR027_R2.fastq.gz"
"RO205D_R1.fastq.gz";"LR028_R1.fastq.gz"
"RO205D_R2.fastq.gz";"LR028_R2.fastq.gz"
"RO206D_R1.fastq.gz";"LR029_R1.fastq.gz"
"RO206D_R2.fastq.gz";"LR029_R2.fastq.gz"
"RO207D_R1.fastq.gz";"LR030_R1.fastq.gz"
"RO207D_R2.fastq.gz";"LR030_R2.fastq.gz"
"RO208D_R1.fastq.gz";"LR031_R1.fastq.gz"
"RO208D_R2.fastq.gz";"LR031_R2.fastq.gz"
"RO209D_R1.fastq.gz";"LR032_R1.fastq.gz"
"RO209D_R2.fastq.gz";"LR032_R2.fastq.gz"
"RO213D_R1.fastq.gz";"LR033_R1.fastq.gz"
"RO213D_R2.fastq.gz";"LR033_R2.fastq.gz"
"L313D_R1.fastq.gz";"LR034_R1.fastq.gz"
"L313D_R2.fastq.gz";"LR034_R2.fastq.gz"
"L314D_R1.fastq.gz";"LR035_R1.fastq.gz"
"L314D_R2.fastq.gz";"LR035_R2.fastq.gz"
"L315D_R1.fastq.gz";"LR036_R1.fastq.gz"
"L315D_R2.fastq.gz";"LR036_R2.fastq.gz"
"L316D_R1.fastq.gz";"LR037_R1.fastq.gz"
"L316D_R2.fastq.gz";"LR037_R2.fastq.gz"
"L317D_R1.fastq.gz";"LR038_R1.fastq.gz"
"L317D_R2.fastq.gz";"LR038_R2.fastq.gz"
"L318D_R1.fastq.gz";"LR039_R1.fastq.gz"
"L318D_R2.fastq.gz";"LR039_R2.fastq.gz"
"L319D_R1.fastq.gz";"LR040_R1.fastq.gz"
"L319D_R2.fastq.gz";"LR040_R2.fastq.gz"
"L320D_R1.fastq.gz";"LR041_R1.fastq.gz"
"L320D_R2.fastq.gz";"LR041_R2.fastq.gz"
"WELL1D_R1.fastq.gz";"LR042_R1.fastq.gz"
"WELL1D_R2.fastq.gz";"LR042_R2.fastq.gz"
"WELL2D_R1.fastq.gz";"LR043_R1.fastq.gz"
"WELL2D_R2.fastq.gz";"LR043_R2.fastq.gz"
"WELL3D_R1.fastq.gz";"LR044_R1.fastq.gz"
"WELL3D_R2.fastq.gz";"LR044_R2.fastq.gz"
"WELL4D_R1.fastq.gz";"LR045_R1.fastq.gz"
"WELL4D_R2.fastq.gz";"LR045_R2.fastq.gz"
"M01D_R1.fastq.gz";"LR046_R1.fastq.gz"
"M01D_R2.fastq.gz";"LR046_R2.fastq.gz"
"M02D_R1.fastq.gz";"LR047_R1.fastq.gz"
"M02D_R2.fastq.gz";"LR047_R2.fastq.gz"
"M03D_R1.fastq.gz";"LR048_R1.fastq.gz"
"M03D_R2.fastq.gz";"LR048_R2.fastq.gz"
"M04D_R1.fastq.gz";"LR049_R1.fastq.gz"
"M04D_R2.fastq.gz";"LR049_R2.fastq.gz"
"M05D_R1.fastq.gz";"LR050_R1.fastq.gz"
"M05D_R2.fastq.gz";"LR050_R2.fastq.gz"
"M06D_R1.fastq.gz";"LR051_R1.fastq.gz"
"M06D_R2.fastq.gz";"LR051_R2.fastq.gz"
"M07D_R1.fastq.gz";"LR052_R1.fastq.gz"
"M07D_R2.fastq.gz";"LR052_R2.fastq.gz"
"M08D_R1.fastq.gz";"LR053_R1.fastq.gz"
"M08D_R2.fastq.gz";"LR053_R2.fastq.gz"
"M08DSeq_R1.fastq.gz";"LR053d_R1.fastq.gz"
"M08DSeq_R2.fastq.gz";"LR053d_R2.fastq.gz"
"SWPR01D_R1.fastq.gz";"LR054_R1.fastq.gz"
"SWPR01D_R2.fastq.gz";"LR054_R2.fastq.gz"
"SWPR02D_R1.fastq.gz";"LR055_R1.fastq.gz"
"SWPR02D_R2.fastq.gz";"LR055_R2.fastq.gz"
"SWPR02DSeq_R1.fastq.gz";"LR055d_R1.fastq.gz"
"SWPR02DSeq_R2.fastq.gz";"LR055d_R2.fastq.gz"
"SWPR03D_R1.fastq.gz";"LR056_R1.fastq.gz"
"SWPR03D_R2.fastq.gz";"LR056_R2.fastq.gz"
"SWPR04D_R1.fastq.gz";"LR057_R1.fastq.gz"
"SWPR04D_R2.fastq.gz";"LR057_R2.fastq.gz"
"SWPR05D_R1.fastq.gz";"LR058_R1.fastq.gz"
"SWPR05D_R2.fastq.gz";"LR058_R2.fastq.gz"
"SWPR06D_R1.fastq.gz";"LR059_R1.fastq.gz"
"SWPR06D_R2.fastq.gz";"LR059_R2.fastq.gz"
"SWPR07D_R1.fastq.gz";"LR060_R1.fastq.gz"
"SWPR07D_R2.fastq.gz";"LR060_R2.fastq.gz"
"SWPR08D_R1.fastq.gz";"LR061_R1.fastq.gz"
"SWPR08D_R2.fastq.gz";"LR061_R2.fastq.gz"
"SWPR09D_R1.fastq.gz";"LR062_R1.fastq.gz"
"SWPR09D_R2.fastq.gz";"LR062_R2.fastq.gz"
"SWPR10D_R1.fastq.gz";"LR063_R1.fastq.gz"
"SWPR10D_R2.fastq.gz";"LR063_R2.fastq.gz"
"SWLR01D_R1.fastq.gz";"LR064_R1.fastq.gz"
"SWLR01D_R2.fastq.gz";"LR064_R2.fastq.gz"
"SWLR02D_R1.fastq.gz";"LR065_R1.fastq.gz"
"SWLR02D_R2.fastq.gz";"LR065_R2.fastq.gz"
"SWLR03D_R1.fastq.gz";"LR066_R1.fastq.gz"
"SWLR03D_R2.fastq.gz";"LR066_R2.fastq.gz"
"SWLR04D_R1.fastq.gz";"LR067_R1.fastq.gz"
"SWLR04D_R2.fastq.gz";"LR067_R2.fastq.gz"
"SPR01D_R1.fastq.gz";"LR068_R1.fastq.gz"
"SPR01D_R2.fastq.gz";"LR068_R2.fastq.gz"
"SPR02D_R1.fastq.gz";"LR069_R1.fastq.gz"
"SPR02D_R2.fastq.gz";"LR069_R2.fastq.gz"
"SPR03D_R1.fastq.gz";"LR070_R1.fastq.gz"
"SPR03D_R2.fastq.gz";"LR070_R2.fastq.gz"
"SPR04D_R1.fastq.gz";"LR071_R1.fastq.gz"
"SPR04D_R2.fastq.gz";"LR071_R2.fastq.gz"
"SPR05D_R1.fastq.gz";"LR072_R1.fastq.gz"
"SPR05D_R2.fastq.gz";"LR072_R2.fastq.gz"
"SPR06D_R1.fastq.gz";"LR073_R1.fastq.gz"
"SPR06D_R2.fastq.gz";"LR073_R2.fastq.gz"
"SPR07D_R1.fastq.gz";"LR074_R1.fastq.gz"
"SPR07D_R2.fastq.gz";"LR074_R2.fastq.gz"
"SPR08D_R1.fastq.gz";"LR075_R1.fastq.gz"
"SPR08D_R2.fastq.gz";"LR075_R2.fastq.gz"
"SPR09D_R1.fastq.gz";"LR076_R1.fastq.gz"
"SPR09D_R2.fastq.gz";"LR076_R2.fastq.gz"
"SPR10D_R1.fastq.gz";"LR077_R1.fastq.gz"
"SPR10D_R2.fastq.gz";"LR077_R2.fastq.gz"
"SLR01D_R1.fastq.gz";"LR078_R1.fastq.gz"
"SLR01D_R2.fastq.gz";"LR078_R2.fastq.gz"
"SLR02D_R1.fastq.gz";"LR079_R1.fastq.gz"
"SLR02D_R2.fastq.gz";"LR079_R2.fastq.gz"
"SLR04D_R1.fastq.gz";"LR080_R1.fastq.gz"
"SLR04D_R2.fastq.gz";"LR080_R2.fastq.gz"
"SEDLR10D_R1.fastq.gz";"LR081_R1.fastq.gz"
"SEDLR10D_R2.fastq.gz";"LR081_R2.fastq.gz"
"SEDLR10DSeq_R1.fastq.gz";"LR081d_R1.fastq.gz"
"SEDLR10DSeq_R2.fastq.gz";"LR081d_R2.fastq.gz"
"SEDLR12D_R1.fastq.gz";"LR082_R1.fastq.gz"
"SEDLR12D_R2.fastq.gz";"LR082_R2.fastq.gz"
"SEDLR14D_R1.fastq.gz";"LR083_R1.fastq.gz"
"SEDLR14D_R2.fastq.gz";"LR083_R2.fastq.gz"
"SEDL313D_R1.fastq.gz";"LR084_R1.fastq.gz"
"SEDL313D_R2.fastq.gz";"LR084_R2.fastq.gz"
"SEDL314D_R1.fastq.gz";"LR085_R1.fastq.gz"
"SEDL314D_R2.fastq.gz";"LR085_R2.fastq.gz"
"SED315D_R1.fastq.gz";"LR086_R1.fastq.gz"
"SED315D_R2.fastq.gz";"LR086_R2.fastq.gz"
"SED315DSeq_R1.fastq.gz";"LR086d_R1.fastq.gz"
"SED315DSeq_R2.fastq.gz";"LR086d_R2.fastq.gz"
"SED316D_R1.fastq.gz";"LR087_R1.fastq.gz"
"SED316D_R2.fastq.gz";"LR087_R2.fastq.gz"
"SED317D_R1.fastq.gz";"LR088_R1.fastq.gz"
"SED317D_R2.fastq.gz";"LR088_R2.fastq.gz"
"SED318D_R1.fastq.gz";"LR089_R1.fastq.gz"
"SED318D_R2.fastq.gz";"LR089_R2.fastq.gz"
"SED319D_R1.fastq.gz";"LR090_R1.fastq.gz"
"SED319D_R2.fastq.gz";"LR090_R2.fastq.gz"
"LRH11D_R1.fastq.gz";"LR091_R1.fastq.gz"
"LRH11D_R2.fastq.gz";"LR091_R2.fastq.gz"
"LRH14D_R1.fastq.gz";"LR092_R1.fastq.gz"
"LRH14D_R2.fastq.gz";"LR092_R2.fastq.gz"
"LRH15D_R1.fastq.gz";"LR093_R1.fastq.gz"
"LRH15D_R2.fastq.gz";"LR093_R2.fastq.gz"
"LR24D_R1.fastq.gz";"LR094_R1.fastq.gz"
"LR24D_R2.fastq.gz";"LR094_R2.fastq.gz"
"LR27D_R1.fastq.gz";"LR095_R1.fastq.gz"
"LR27D_R2.fastq.gz";"LR095_R2.fastq.gz"
"LR29D_R1.fastq.gz";"LR096_R1.fastq.gz"
"LR29D_R2.fastq.gz";"LR096_R2.fastq.gz"
"LR31D_R1.fastq.gz";"LR097_R1.fastq.gz"
"LR31D_R2.fastq.gz";"LR097_R2.fastq.gz"
"LR32D_R1.fastq.gz";"LR098_R1.fastq.gz"
"LR32D_R2.fastq.gz";"LR098_R2.fastq.gz"
"LR34D_R1.fastq.gz";"LR099_R1.fastq.gz"
"LR34D_R2.fastq.gz";"LR099_R2.fastq.gz"
"LR35D_R1.fastq.gz";"LR100_R1.fastq.gz"
"LR35D_R2.fastq.gz";"LR100_R2.fastq.gz"
"LR36D_R1.fastq.gz";"LR101_R1.fastq.gz"
"LR36D_R2.fastq.gz";"LR101_R2.fastq.gz"
"LR37D_R1.fastq.gz";"LR102_R1.fastq.gz"
"LR37D_R2.fastq.gz";"LR102_R2.fastq.gz"
"LR38D_R1.fastq.gz";"LR103_R1.fastq.gz"
"LR38D_R2.fastq.gz";"LR103_R2.fastq.gz"
"LR39D_R1.fastq.gz";"LR104_R1.fastq.gz"
"LR39D_R2.fastq.gz";"LR104_R2.fastq.gz"
"LR40D_R1.fastq.gz";"LR105_R1.fastq.gz"
"LR40D_R2.fastq.gz";"LR105_R2.fastq.gz"
"LR41D_R1.fastq.gz";"LR106_R1.fastq.gz"
"LR41D_R2.fastq.gz";"LR106_R2.fastq.gz"
"LR42D_R1.fastq.gz";"LR107_R1.fastq.gz"
"LR42D_R2.fastq.gz";"LR107_R2.fastq.gz"
"LR45D_R1.fastq.gz";"LR109_R1.fastq.gz"
"LR45D_R2.fastq.gz";"LR109_R2.fastq.gz"
"LR47D_R1.fastq.gz";"LR110_R1.fastq.gz"
"LR47D_R2.fastq.gz";"LR110_R2.fastq.gz"
"LR48D_R1.fastq.gz";"LR111_R1.fastq.gz"
"LR48D_R2.fastq.gz";"LR111_R2.fastq.gz"
"LR48DSeq_R1.fastq.gz";"LR111d_R1.fastq.gz"
"LR48DSeq_R2.fastq.gz";"LR111d_R2.fastq.gz"
"RO216D_R1.fastq.gz";"LR112_R1.fastq.gz"
"RO216D_R2.fastq.gz";"LR112_R2.fastq.gz"
"RO219D_R1.fastq.gz";"LR113_R1.fastq.gz"
"RO219D_R2.fastq.gz";"LR113_R2.fastq.gz"
"LR113D_R1.fastq.gz";"LR113D_R1.fastq.gz"
"LR113D_R2.fastq.gz";"LR113D_R2.fastq.gz"
"LR113R_R1.fastq.gz";"LR113R_R1.fastq.gz"
"LR113R_R2.fastq.gz";"LR113R_R2.fastq.gz"
"RO220D_R1.fastq.gz";"LR114_R1.fastq.gz"
"RO220D_R2.fastq.gz";"LR114_R2.fastq.gz"
"RO221D_R1.fastq.gz";"LR115_R1.fastq.gz"
"RO221D_R2.fastq.gz";"LR115_R2.fastq.gz"
"RO222D_R1.fastq.gz";"LR116_R1.fastq.gz"
"RO222D_R2.fastq.gz";"LR116_R2.fastq.gz"
"LR116D_R1.fastq.gz";"LR116D_R1.fastq.gz"
"LR116D_R2.fastq.gz";"LR116D_R2.fastq.gz"
"LR116R_R1.fastq.gz";"LR116R_R1.fastq.gz"
"LR116R_R2.fastq.gz";"LR116R_R2.fastq.gz"
"RO223D_R1.fastq.gz";"LR117_R1.fastq.gz"
"RO223D_R2.fastq.gz";"LR117_R2.fastq.gz"
"RO226D_R1.fastq.gz";"LR118_R1.fastq.gz"
"RO226D_R2.fastq.gz";"LR118_R2.fastq.gz"
"RO228D_R1.fastq.gz";"LR119_R1.fastq.gz"
"RO228D_R2.fastq.gz";"LR119_R2.fastq.gz"
"RO229D_R1.fastq.gz";"LR120_R1.fastq.gz"
"RO229D_R2.fastq.gz";"LR120_R2.fastq.gz"
"LR120D_R1.fastq.gz";"LR120D_R1.fastq.gz"
"LR120D_R2.fastq.gz";"LR120D_R2.fastq.gz"
"LR120R_R1.fastq.gz";"LR120R_R1.fastq.gz"
"LR120R_R2.fastq.gz";"LR120R_R2.fastq.gz"
"T27D_R1.fastq.gz";"LR121_R1.fastq.gz"
"T27D_R2.fastq.gz";"LR121_R2.fastq.gz"
"LR121D_R1.fastq.gz";"LR121D_R1.fastq.gz"
"LR121D_R2.fastq.gz";"LR121D_R2.fastq.gz"
"LR121R_R1.fastq.gz";"LR121R_R1.fastq.gz"
"LR121R_R2.fastq.gz";"LR121R_R2.fastq.gz"
"T37D_R1.fastq.gz";"LR122_R1.fastq.gz"
"T37D_R2.fastq.gz";"LR122_R2.fastq.gz"
"LR122D_R1.fastq.gz";"LR122D_R1.fastq.gz"
"LR122D_R2.fastq.gz";"LR122D_R2.fastq.gz"
"LR122R_R1.fastq.gz";"LR122R_R1.fastq.gz"
"LR122R_R2.fastq.gz";"LR122R_R2.fastq.gz"
"T38D_R1.fastq.gz";"LR123_R1.fastq.gz"
"T38D_R2.fastq.gz";"LR123_R2.fastq.gz"
"LR123D_R1.fastq.gz";"LR123D_R1.fastq.gz"
"LR123D_R2.fastq.gz";"LR123D_R2.fastq.gz"
"LR123R_R1.fastq.gz";"LR123R_R1.fastq.gz"
"LR123R_R2.fastq.gz";"LR123R_R2.fastq.gz"
"PR13D_R1.fastq.gz";"LR124_R1.fastq.gz"
"PR13D_R2.fastq.gz";"LR124_R2.fastq.gz"
"PR15D_R1.fastq.gz";"LR125_R1.fastq.gz"
"PR15D_R2.fastq.gz";"LR125_R2.fastq.gz"
"LR125D_R1.fastq.gz";"LR125D_R1.fastq.gz"
"LR125D_R2.fastq.gz";"LR125D_R2.fastq.gz"
"LR125R_R1.fastq.gz";"LR125R_R1.fastq.gz"
"LR125R_R2.fastq.gz";"LR125R_R2.fastq.gz"
"PR17D_R1.fastq.gz";"LR126_R1.fastq.gz"
"PR17D_R2.fastq.gz";"LR126_R2.fastq.gz"
"LR126D_R1.fastq.gz";"LR126D_R1.fastq.gz"
"LR126D_R2.fastq.gz";"LR126D_R2.fastq.gz"
"LR126R_R1.fastq.gz";"LR126R_R1.fastq.gz"
"LR126R_R2.fastq.gz";"LR126R_R2.fastq.gz"
"PR19D_R1.fastq.gz";"LR127_R1.fastq.gz"
"PR19D_R2.fastq.gz";"LR127_R2.fastq.gz"
"LR127D_R1.fastq.gz";"LR127D_R1.fastq.gz"
"LR127D_R2.fastq.gz";"LR127D_R2.fastq.gz"
"LR127R_R1.fastq.gz";"LR127R_R1.fastq.gz"
"LR127R_R2.fastq.gz";"LR127R_R2.fastq.gz"
"PR21D_R1.fastq.gz";"LR128_R1.fastq.gz"
"PR21D_R2.fastq.gz";"LR128_R2.fastq.gz"
"PR21DSeq_R1.fastq.gz";"LR128d_R1.fastq.gz"
"PR21DSeq_R1.fastq.gz";"LR128D_R1.fastq.gz"
"LR128D_R2.fastq.gz";"LR128d_R2.fastq.gz"
"LR128D_R2.fastq.gz";"LR128D_R2.fastq.gz"
"LR128R_R1.fastq.gz";"LR128R_R1.fastq.gz"
"LR128R_R2.fastq.gz";"LR128R_R2.fastq.gz"
"PR23D_R1.fastq.gz";"LR129_R1.fastq.gz"
"PR23D_R2.fastq.gz";"LR129_R2.fastq.gz"
"L321D_R1.fastq.gz";"LR130_R1.fastq.gz"
"L321D_R2.fastq.gz";"LR130_R2.fastq.gz"
"L322D_R1.fastq.gz";"LR131_R1.fastq.gz"
"L322D_R2.fastq.gz";"LR131_R2.fastq.gz"
"LR131D_R1.fastq.gz";"LR131D_R1.fastq.gz"
"LR131D_R2.fastq.gz";"LR131D_R2.fastq.gz"
"LR131R_R1.fastq.gz";"LR131R_R1.fastq.gz"
"LR131R_R2.fastq.gz";"LR131R_R2.fastq.gz"
"L323D_R1.fastq.gz";"LR132_R1.fastq.gz"
"L323D_R2.fastq.gz";"LR132_R2.fastq.gz"
"L324D_R1.fastq.gz";"LR133_R1.fastq.gz"
"L324D_R2.fastq.gz";"LR133_R2.fastq.gz"
"L325D_R1.fastq.gz";"LR134_R1.fastq.gz"
"L325D_R2.fastq.gz";"LR134_R2.fastq.gz"
"LR134D_R1.fastq.gz";"LR134D_R1.fastq.gz"
"LR134D_R2.fastq.gz";"LR134D_R2.fastq.gz"
"LR134R_R1.fastq.gz";"LR134R_R1.fastq.gz"
"LR134R_R2.fastq.gz";"LR134R_R2.fastq.gz"
"L326D_R1.fastq.gz";"LR135_R1.fastq.gz"
"L326D_R2.fastq.gz";"LR135_R2.fastq.gz"
"L327D_R1.fastq.gz";"LR136_R1.fastq.gz"
"L327D_R2.fastq.gz";"LR136_R2.fastq.gz"
"M09D_R1.fastq.gz";"LR137_R1.fastq.gz"
"M09D_R2.fastq.gz";"LR137_R2.fastq.gz"
"LR137D_R1.fastq.gz";"LR137D_R1.fastq.gz"
"LR137D_R2.fastq.gz";"LR137D_R2.fastq.gz"
"LR137R_R1.fastq.gz";"LR137R_R1.fastq.gz"
"LR137R_R2.fastq.gz";"LR137R_R2.fastq.gz"
"M10D_R1.fastq.gz";"LR138_R1.fastq.gz"
"M10D_R2.fastq.gz";"LR138_R2.fastq.gz"
"LR138D_R1.fastq.gz";"LR138D_R1.fastq.gz"
"LR138D_R2.fastq.gz";"LR138D_R2.fastq.gz"
"LR138R_R1.fastq.gz";"LR138R_R1.fastq.gz"
"LR138R_R2.fastq.gz";"LR138R_R2.fastq.gz"
"M11D_R1.fastq.gz";"LR139_R1.fastq.gz"
"M11D_R2.fastq.gz";"LR139_R2.fastq.gz"
"LR139D_R1.fastq.gz";"LR139D_R1.fastq.gz"
"LR139D_R2.fastq.gz";"LR139D_R2.fastq.gz"
"LR139R_R1.fastq.gz";"LR139R_R1.fastq.gz"
"LR139R_R2.fastq.gz";"LR139R_R2.fastq.gz"
"M12D_R1.fastq.gz";"LR140_R1.fastq.gz"
"M12D_R2.fastq.gz";"LR140_R2.fastq.gz"
"LR140D_R1.fastq.gz";"LR140D_R1.fastq.gz"
"LR140D_R2.fastq.gz";"LR140D_R2.fastq.gz"
"LR140R_R1.fastq.gz";"LR140R_R1.fastq.gz"
"LR140R_R2.fastq.gz";"LR140R_R2.fastq.gz"
"M13D_R1.fastq.gz";"LR141_R1.fastq.gz"
"M13D_R2.fastq.gz";"LR141_R2.fastq.gz"
"M14D_R1.fastq.gz";"LR142_R1.fastq.gz"
"M14D_R2.fastq.gz";"LR142_R2.fastq.gz"
"LR142D_R1.fastq.gz";"LR142D_R1.fastq.gz"
"LR142D_R2.fastq.gz";"LR142D_R2.fastq.gz"
"LR142R_R1.fastq.gz";"LR142R_R1.fastq.gz"
"LR142R_R2.fastq.gz";"LR142R_R2.fastq.gz"
"M15D_R1.fastq.gz";"LR143_R1.fastq.gz"
"M15D_R2.fastq.gz";"LR143_R2.fastq.gz"
"M16D_R1.fastq.gz";"LR144_R1.fastq.gz"
"M16D_R2.fastq.gz";"LR144_R2.fastq.gz"
"SWPR13D_R1.fastq.gz";"LR145_R1.fastq.gz"
"SWPR13D_R2.fastq.gz";"LR145_R2.fastq.gz"
"SWPR16D_R1.fastq.gz";"LR146_R1.fastq.gz"
"SWPR16D_R2.fastq.gz";"LR146_R2.fastq.gz"
"SWPR18D_R1.fastq.gz";"LR147_R1.fastq.gz"
"SWPR18D_R2.fastq.gz";"LR147_R2.fastq.gz"
"SWPR20D_R1.fastq.gz";"LR148_R1.fastq.gz"
"SWPR20D_R2.fastq.gz";"LR148_R2.fastq.gz"
"SWPR21D_R1.fastq.gz";"LR149_R1.fastq.gz"
"SWPR21D_R2.fastq.gz";"LR149_R2.fastq.gz"
"SWPR21DSeq_R1.fastq.gz";"LR149d_R1.fastq.gz"
"SWPR21DSeq_R2.fastq.gz";"LR149d_R2.fastq.gz"
"SWPR23D_R1.fastq.gz";"LR150_R1.fastq.gz"
"SWPR23D_R2.fastq.gz";"LR150_R2.fastq.gz"
"SWL322D_R1.fastq.gz";"LR151_R1.fastq.gz"
"SWL322D_R2.fastq.gz";"LR151_R2.fastq.gz"
"SWL323D_R1.fastq.gz";"LR152_R1.fastq.gz"
"SWL323D_R2.fastq.gz";"LR152_R2.fastq.gz"
"SWL325D_R1.fastq.gz";"LR153_R1.fastq.gz"
"SWL325D_R2.fastq.gz";"LR153_R2.fastq.gz"
"SWL326D_R1.fastq.gz";"LR154_R1.fastq.gz"
"SWL326D_R2.fastq.gz";"LR154_R2.fastq.gz"
"SWL327D_R1.fastq.gz";"LR155_R1.fastq.gz"
"SWL327D_R2.fastq.gz";"LR155_R2.fastq.gz"
"SWT21D_R1.fastq.gz";"LR156_R1.fastq.gz"
"SWT21D_R2.fastq.gz";"LR156_R2.fastq.gz"
"SWT25D_R1.fastq.gz";"LR157_R1.fastq.gz"
"SWT25D_R2.fastq.gz";"LR157_R2.fastq.gz"
"SWT27D_R1.fastq.gz";"LR158_R1.fastq.gz"
"SWT27D_R2.fastq.gz";"LR158_R2.fastq.gz"
"SWT29D_R1.fastq.gz";"LR159_R1.fastq.gz"
"SWT29D_R2.fastq.gz";"LR159_R2.fastq.gz"
"SPR13D_R1.fastq.gz";"LR160_R1.fastq.gz"
"SPR13D_R2.fastq.gz";"LR160_R2.fastq.gz"
"SPR16D_R1.fastq.gz";"LR161_R1.fastq.gz"
"SPR16D_R2.fastq.gz";"LR161_R2.fastq.gz"
"SPR18D_R1.fastq.gz";"LR162_R1.fastq.gz"
"SPR18D_R2.fastq.gz";"LR162_R2.fastq.gz"
"SPR20D_R1.fastq.gz";"LR163_R1.fastq.gz"
"SPR20D_R2.fastq.gz";"LR163_R2.fastq.gz"
"SPR21D_R1.fastq.gz";"LR164_R1.fastq.gz"
"SPR21D_R2.fastq.gz";"LR164_R2.fastq.gz"
"SPR23D_R1.fastq.gz";"LR165_R1.fastq.gz"
"SPR23D_R2.fastq.gz";"LR165_R2.fastq.gz"
"SL322D_R1.fastq.gz";"LR166_R1.fastq.gz"
"SL322D_R2.fastq.gz";"LR166_R2.fastq.gz"
"SL323D_R1.fastq.gz";"LR167_R1.fastq.gz"
"SL323D_R2.fastq.gz";"LR167_R2.fastq.gz"
"SL325D_R1.fastq.gz";"LR168_R1.fastq.gz"
"SL325D_R2.fastq.gz";"LR168_R2.fastq.gz"
"SL326D_R1.fastq.gz";"LR169_R1.fastq.gz"
"SL326D_R2.fastq.gz";"LR169_R2.fastq.gz"
"SL327D_R1.fastq.gz";"LR170_R1.fastq.gz"
"SL327D_R2.fastq.gz";"LR170_R2.fastq.gz"
"ST21D_R1.fastq.gz";"LR171_R1.fastq.gz"
"ST21D_R2.fastq.gz";"LR171_R2.fastq.gz"
"ST27D_R1.fastq.gz";"LR173_R1.fastq.gz"
"ST27D_R2.fastq.gz";"LR173_R2.fastq.gz"
"SEDL323D_R1.fastq.gz";"LR176_R1.fastq.gz"
"SEDL323D_R2.fastq.gz";"LR176_R2.fastq.gz"
"SEDL324D_R1.fastq.gz";"LR177_R1.fastq.gz"
"SEDL324D_R2.fastq.gz";"LR177_R2.fastq.gz"
"SEDL325D_R1.fastq.gz";"LR178_R1.fastq.gz"
"SEDL325D_R2.fastq.gz";"LR178_R2.fastq.gz"
"SEDL326D_R1.fastq.gz";"LR179_R1.fastq.gz"
"SEDL326D_R2.fastq.gz";"LR179_R2.fastq.gz"
"LR17blankc2D_R1.fastq.gz";"LR17blankc2D_R1.fastq.gz"
"LR17blankc2D_R2.fastq.gz";"LR17blankc2D_R2.fastq.gz"
"SEDL327D_R1.fastq.gz";"LR180_R1.fastq.gz"
"SEDL327D_R2.fastq.gz";"LR180_R2.fastq.gz"
"SEDLR35D_R1.fastq.gz";"LR181_R1.fastq.gz"
"SEDLR35D_R2.fastq.gz";"LR181_R2.fastq.gz"
"SEDLR36D_R1.fastq.gz";"LR182_R1.fastq.gz"
"SEDLR36D_R2.fastq.gz";"LR182_R2.fastq.gz"
"SEDLR39D_R1.fastq.gz";"LR183_R1.fastq.gz"
"SEDLR39D_R2.fastq.gz";"LR183_R2.fastq.gz"
"LR32A1BIOD_R1.fastq.gz";"LR184_R1.fastq.gz"
"LR32A1BIOD_R2.fastq.gz";"LR184_R2.fastq.gz"
"LR32B1BIOD_R1.fastq.gz";"LR185_R1.fastq.gz"
"LR32B1BIOD_R2.fastq.gz";"LR185_R2.fastq.gz"
"PR19A1BIOD_R1.fastq.gz";"LR186_R1.fastq.gz"
"PR19A1BIOD_R2.fastq.gz";"LR186_R2.fastq.gz"
"PR19B1BIOD_R1.fastq.gz";"LR187_R1.fastq.gz"
"PR19B1BIOD_R2.fastq.gz";"LR187_R2.fastq.gz"
"RO222A1BIOD_R1.fastq.gz";"LR188_R1.fastq.gz"
"RO222A1BIOD_R2.fastq.gz";"LR188_R2.fastq.gz"
"RO222B1BIOD_R1.fastq.gz";"LR189_R1.fastq.gz"
"RO222B1BIOD_R2.fastq.gz";"LR189_R2.fastq.gz"
"L325A1BIOD_R1.fastq.gz";"LR190_R1.fastq.gz"
"L325A1BIOD_R2.fastq.gz";"LR190_R2.fastq.gz"
"L325B1BIOD_R1.fastq.gz";"LR191_R1.fastq.gz"
"L325B1BIOD_R2.fastq.gz";"LR191_R2.fastq.gz"
"L327A1BIOD_R1.fastq.gz";"LR192_R1.fastq.gz"
"L327A1BIOD_R2.fastq.gz";"LR192_R2.fastq.gz"
"L327B1BIOD_R1.fastq.gz";"LR193_R1.fastq.gz"
"L327B1BIOD_R2.fastq.gz";"LR193_R2.fastq.gz"
"PR23A1BIOD_R1.fastq.gz";"LR194_R1.fastq.gz"
"PR23A1BIOD_R2.fastq.gz";"LR194_R2.fastq.gz"
"PR23B1BIOD_R1.fastq.gz";"LR195_R1.fastq.gz"
"PR23B1BIOD_R2.fastq.gz";"LR195_R2.fastq.gz"
"LR49D_R1.fastq.gz";"LR49D_R1.fastq.gz"
"LR49D_R2.fastq.gz";"LR49D_R2.fastq.gz"
"LR49DSeq_R1.fastq.gz";"LR49DSeq_R1.fastq.gz"
"LR49DSeq_R2.fastq.gz";"LR49DSeq_R2.fastq.gz"
"LR49R_R1.fastq.gz";"LR49R_R1.fastq.gz"
"LR49R_R2.fastq.gz";"LR49R_R2.fastq.gz"
"LR50D_R1.fastq.gz";"LR50D_R1.fastq.gz"
"LR50D_R2.fastq.gz";"LR50D_R2.fastq.gz"
"LR50R_R1.fastq.gz";"LR50R_R1.fastq.gz"
"LR50R_R2.fastq.gz";"LR50R_R2.fastq.gz"
"LR51D_R1.fastq.gz";"LR51_R1.fastq.gz"
"LR51D_R2.fastq.gz";"LR51_R2.fastq.gz"
"LR51R_R1.fastq.gz";"LR51R_R1.fastq.gz"
"LR51R_R2.fastq.gz";"LR51R_R2.fastq.gz"
"LR52D_R1.fastq.gz";"LR52D_R1.fastq.gz"
"LR52D_R2.fastq.gz";"LR52D_R2.fastq.gz"
"LR53D_R1.fastq.gz";"LR53D_R1.fastq.gz"
"LR53D_R2.fastq.gz";"LR53D_R2.fastq.gz"
"LR53R_R1.fastq.gz";"LR53R_R1.fastq.gz"
"LR53R_R2.fastq.gz";"LR53R_R2.fastq.gz"
"LR54D_R1.fastq.gz";"LR54_R1.fastq.gz"
"LR54D_R2.fastq.gz";"LR54_R2.fastq.gz"
"LR54R_R1.fastq.gz";"LR54R_R1.fastq.gz"
"LR54R_R2.fastq.gz";"LR54R_R2.fastq.gz"
"LR55D_R1.fastq.gz";"LR55_R1.fastq.gz"
"LR55D_R2.fastq.gz";"LR55_R2.fastq.gz"
"LR56D_R1.fastq.gz";"LR56D_R1.fastq.gz"
"LR56D_R2.fastq.gz";"LR56D_R2.fastq.gz"
"LR56R_R1.fastq.gz";"LR56R_R1.fastq.gz"
"LR56R_R2.fastq.gz";"LR56R_R2.fastq.gz"
"LR57D_R1.fastq.gz";"LR57D_R1.fastq.gz"
"LR57D_R2.fastq.gz";"LR57D_R2.fastq.gz"
"LR58D_R1.fastq.gz";"LR58D_R1.fastq.gz"
"LR58D_R2.fastq.gz";"LR58D_R2.fastq.gz"
"LR58R_R1.fastq.gz";"LR58R_R1.fastq.gz"
"LR58R_R2.fastq.gz";"LR58R_R2.fastq.gz"
"LR59D_R1.fastq.gz";"LR59D_R1.fastq.gz"
"LR59D_R2.fastq.gz";"LR59D_R2.fastq.gz"
"LR59R_R1.fastq.gz";"LR59R_R1.fastq.gz"
"LR59R_R2.fastq.gz";"LR59R_R2.fastq.gz"
"LR60D_R1.fastq.gz";"LR60_R1.fastq.gz"
"LR60D_R2.fastq.gz";"LR60_R2.fastq.gz"
"LR60R_R1.fastq.gz";"LR60R_R1.fastq.gz"
"LR60R_R2.fastq.gz";"LR60R_R2.fastq.gz"
"LR61D_R1.fastq.gz";"LR61D_R1.fastq.gz"
"LR61D_R2.fastq.gz";"LR61D_R2.fastq.gz"
"LR61R_R1.fastq.gz";"LR61R_R1.fastq.gz"
"LR61R_R2.fastq.gz";"LR61R_R2.fastq.gz"
"LR62D_R1.fastq.gz";"LR62D_R1.fastq.gz"
"LR62D_R2.fastq.gz";"LR62D_R2.fastq.gz"
"LR62R_R1.fastq.gz";"LR62R_R1.fastq.gz"
"LR62R_R2.fastq.gz";"LR62R_R2.fastq.gz"
"LR63D_R1.fastq.gz";"LR63_R1.fastq.gz"
"LR63D_R2.fastq.gz";"LR63_R2.fastq.gz"
"LR63R_R1.fastq.gz";"LR63R_R1.fastq.gz"
"LR63R_R2.fastq.gz";"LR63R_R2.fastq.gz"
"LR64D_R1.fastq.gz";"LR64_R1.fastq.gz"
"LR64D_R2.fastq.gz";"LR64_R2.fastq.gz"
"LR64R_R1.fastq.gz";"LR64R_R1.fastq.gz"
"LR64R_R2.fastq.gz";"LR64R_R2.fastq.gz"
"LR65D_R1.fastq.gz";"LR65_R1.fastq.gz"
"LR65D_R2.fastq.gz";"LR65_R2.fastq.gz"
"LR65R_R1.fastq.gz";"LR65R_R1.fastq.gz"
"LR65R_R2.fastq.gz";"LR65R_R2.fastq.gz"
"LR66R_R1.fastq.gz";"LR66R_R1.fastq.gz"
"LR66R_R2.fastq.gz";"LR66R_R2.fastq.gz"
"LR67D_R1.fastq.gz";"LR67D_R1.fastq.gz"
"LR67D_R2.fastq.gz";"LR67D_R2.fastq.gz"
"LR67R_R1.fastq.gz";"LR67R_R1.fastq.gz"
"LR67R_R2.fastq.gz";"LR67R_R2.fastq.gz"
"LR68D_R1.fastq.gz";"LR68_R1.fastq.gz"
"LR68D_R2.fastq.gz";"LR68_R2.fastq.gz"
"LR68R_R1.fastq.gz";"LR68R_R1.fastq.gz"
"LR68R_R2.fastq.gz";"LR68R_R2.fastq.gz"
"LR69D_R1.fastq.gz";"LR69_R1.fastq.gz"
"LR69D_R2.fastq.gz";"LR69_R2.fastq.gz"
"LR69R_R1.fastq.gz";"LR69R_R1.fastq.gz"
"LR69R_R2.fastq.gz";"LR69R_R2.fastq.gz"
"LR70D_R1.fastq.gz";"LR70_R1.fastq.gz"
"LR70D_R2.fastq.gz";"LR70_R2.fastq.gz"
"LR71D_R1.fastq.gz";"LR71_R1.fastq.gz"
"LR71D_R2.fastq.gz";"LR71_R2.fastq.gz"
"LR71R_R1.fastq.gz";"LR71R_R1.fastq.gz"
"LR71R_R2.fastq.gz";"LR71R_R2.fastq.gz"
"LR72D_R1.fastq.gz";"LR72_R1.fastq.gz"
"LR72D_R2.fastq.gz";"LR72_R2.fastq.gz"
"LR72DSeq_R1.fastq.gz";"LR72DSeq_R1.fastq.gz"
"LR72DSeq_R2.fastq.gz";"LR72DSeq_R2.fastq.gz"
"LR72R_R1.fastq.gz";"LR72R_R1.fastq.gz"
"LR72R_R2.fastq.gz";"LR72R_R2.fastq.gz"
"LR73D_R1.fastq.gz";"LR73_R1.fastq.gz"
"LR73D_R2.fastq.gz";"LR73_R2.fastq.gz"
"LR73R_R1.fastq.gz";"LR73R_R1.fastq.gz"
"LR73R_R2.fastq.gz";"LR73R_R2.fastq.gz"
"LR74R_R1.fastq.gz";"LR74R_R1.fastq.gz"
"LR74R_R2.fastq.gz";"LR74R_R2.fastq.gz"
"LR75D_R1.fastq.gz";"LR75_R1.fastq.gz"
"LR75D_R2.fastq.gz";"LR75_R2.fastq.gz"
"LR75DSeq_R1.fastq.gz";"LR75DSeq_R1.fastq.gz"
"LR75DSeq_R2.fastq.gz";"LR75DSeq_R2.fastq.gz"
"LR75R_R1.fastq.gz";"LR75R_R1.fastq.gz"
"LR75R_R2.fastq.gz";"LR75R_R2.fastq.gz"
"LR80D_R1.fastq.gz";"LR80_R1.fastq.gz"
"LR80D_R2.fastq.gz";"LR80_R2.fastq.gz"
"LR80R_R1.fastq.gz";"LR80R_R1.fastq.gz"
"LR80R_R2.fastq.gz";"LR80R_R2.fastq.gz"
"M17D_R1.fastq.gz";"M17_R1.fastq.gz"
"M17D_R2.fastq.gz";"M17_R2.fastq.gz"
"M17R_R1.fastq.gz";"M17R_R1.fastq.gz"
"M17R_R2.fastq.gz";"M17R_R2.fastq.gz"
"M18D_R1.fastq.gz";"M18_R1.fastq.gz"
"M18D_R2.fastq.gz";"M18_R2.fastq.gz"
"M18R_R1.fastq.gz";"M18R_R1.fastq.gz"
"M18R_R2.fastq.gz";"M18R_R2.fastq.gz"
"M19D_R1.fastq.gz";"M19_R1.fastq.gz"
"M19D_R2.fastq.gz";"M19_R2.fastq.gz"
"M19R_R1.fastq.gz";"M19R_R1.fastq.gz"
"M19R_R2.fastq.gz";"M19R_R2.fastq.gz"
"M20D_R1.fastq.gz";"M20_R1.fastq.gz"
"M20D_R2.fastq.gz";"M20_R2.fastq.gz"
"M20DSeq_R1.fastq.gz";"M20DSeq_R1.fastq.gz"
"M20DSeq_R2.fastq.gz";"M20DSeq_R2.fastq.gz"
"M20R_R1.fastq.gz";"M20R_R1.fastq.gz"
"M20R_R2.fastq.gz";"M20R_R2.fastq.gz"
"PR24D_R1.fastq.gz";"PR24D_R1.fastq.gz"
"PR24D_R2.fastq.gz";"PR24D_R2.fastq.gz"
"PR24DSeq_R1.fastq.gz";"PR24DSeq_R1.fastq.gz"
"PR24DSeq_R2.fastq.gz";"PR24DSeq_R2.fastq.gz"
"PR24R_R1.fastq.gz";"PR24R_R1.fastq.gz"
"PR24R_R2.fastq.gz";"PR24R_R2.fastq.gz"
"PR25D_R1.fastq.gz";"PR25_R1.fastq.gz"
"PR25D_R2.fastq.gz";"PR25_R2.fastq.gz"
"PR25R_R1.fastq.gz";"PR25R_R1.fastq.gz"
"PR25R_R2.fastq.gz";"PR25R_R2.fastq.gz"
"PR26D_R1.fastq.gz";"PR26_R1.fastq.gz"
"PR26D_R2.fastq.gz";"PR26_R2.fastq.gz"
"PR26R_R1.fastq.gz";"PR26R_R1.fastq.gz"
"PR26R_R2.fastq.gz";"PR26R_R2.fastq.gz"
"PR27D_R1.fastq.gz";"PR27_R1.fastq.gz"
"PR27D_R2.fastq.gz";"PR27_R2.fastq.gz"
"PR27R_R1.fastq.gz";"PR27R_R1.fastq.gz"
"PR27R_R2.fastq.gz";"PR27R_R2.fastq.gz"
"PR28D_R1.fastq.gz";"PR28_R1.fastq.gz"
"PR28D_R2.fastq.gz";"PR28_R2.fastq.gz"
"PR28R_R1.fastq.gz";"PR28R_R1.fastq.gz"
"PR28R_R2.fastq.gz";"PR28R_R2.fastq.gz"
"PR29.1D_R1.fastq.gz";"PR29_R1.fastq.gz"
"PR29.1D_R2.fastq.gz";"PR29_R2.fastq.gz"
"PR29.2D_R1.fastq.gz";"PR29D_R1.fastq.gz"
"PR29.2D_R2.fastq.gz";"PR29D_R2.fastq.gz"
"PR29R_R1.fastq.gz";"PR29R_R1.fastq.gz"
"PR29R_R2.fastq.gz";"PR29R_R2.fastq.gz"
"PR30.1D_R1.fastq.gz";"PR30_R1.fastq.gz"
"PR30.1D_R2.fastq.gz";"PR30_R2.fastq.gz"
"PR30.2D_R1.fastq.gz";"PR30D_R1.fastq.gz"
"PR30.2D_R2.fastq.gz";"PR30D_R2.fastq.gz"
"PR30R_R1.fastq.gz";"PR30R_R1.fastq.gz"
"PR30R_R2.fastq.gz";"PR30R_R2.fastq.gz"
"PR31.1D_R1.fastq.gz";"PR31_R1.fastq.gz"
"PR31.1D_R2.fastq.gz";"PR31_R2.fastq.gz"
"PR31.2D_R1.fastq.gz";"PR31D_R1.fastq.gz"
"PR31.2D_R2.fastq.gz";"PR31D_R2.fastq.gz"
"PR31R_R1.fastq.gz";"PR31R_R1.fastq.gz"
"PR31R_R2.fastq.gz";"PR31R_R2.fastq.gz"
"PR32R_R1.fastq.gz";"PR32R_R1.fastq.gz"
"PR32R_R2.fastq.gz";"PR32R_R2.fastq.gz"
"PR33D_R1.fastq.gz";"PR33_R1.fastq.gz"
"PR33D_R2.fastq.gz";"PR33_R2.fastq.gz"
"PR34D_R1.fastq.gz";"PR34_R1.fastq.gz"
"PR34D_R2.fastq.gz";"PR34_R2.fastq.gz"
"PR34R_R1.fastq.gz";"PR34R_R1.fastq.gz"
"PR34R_R2.fastq.gz";"PR34R_R2.fastq.gz"
"PR35D_R1.fastq.gz";"PR35_R1.fastq.gz"
"PR35D_R2.fastq.gz";"PR35_R2.fastq.gz"
"PR35DSeq_R1.fastq.gz";"PR35DSEq_R1.fastq.gz"
"PR35DSeq_R2.fastq.gz";"PR35DSEq_R2.fastq.gz"
"PR35R_R1.fastq.gz";"PR35R_R1.fastq.gz"
"PR35R_R2.fastq.gz";"PR35R_R2.fastq.gz"
"PR36D_R1.fastq.gz";"PR36_R1.fastq.gz"
"PR36D_R2.fastq.gz";"PR36_R2.fastq.gz"
"PR36R_R1.fastq.gz";"PR36R_R1.fastq.gz"
"PR36R_R2.fastq.gz";"PR36R_R2.fastq.gz"
"PR37D_R1.fastq.gz";"PR37_R1.fastq.gz"
"PR37D_R2.fastq.gz";"PR37_R2.fastq.gz"
"PR37R_R1.fastq.gz";"PR37R_R1.fastq.gz"
"PR37R_R2.fastq.gz";"PR37R_R2.fastq.gz"
"PR38D_R1.fastq.gz";"PR38_R1.fastq.gz"
"PR38D_R2.fastq.gz";"PR38_R2.fastq.gz"
"PR38R_R1.fastq.gz";"PR38R_R1.fastq.gz"
"PR38R_R2.fastq.gz";"PR38R_R2.fastq.gz"
"PR39D_R1.fastq.gz";"PR39_R1.fastq.gz"
"PR39D_R2.fastq.gz";"PR39_R2.fastq.gz"
"PR40D_R1.fastq.gz";"PR40_R1.fastq.gz"
"PR40D_R2.fastq.gz";"PR40_R2.fastq.gz"
"PR40R_R1.fastq.gz";"PR40R_R1.fastq.gz"
"PR40R_R2.fastq.gz";"PR40R_R2.fastq.gz"
"PR41D_R1.fastq.gz";"PR41_R1.fastq.gz"
"PR41D_R2.fastq.gz";"PR41_R2.fastq.gz"
"PR41R_R1.fastq.gz";"PR41R_R1.fastq.gz"
"PR41R_R2.fastq.gz";"PR41R_R2.fastq.gz"
"PR42D_R1.fastq.gz";"PR42_R1.fastq.gz"
"PR42D_R2.fastq.gz";"PR42_R2.fastq.gz"
"PR42R_R1.fastq.gz";"PR42R_R1.fastq.gz"
"PR42R_R2.fastq.gz";"PR42R_R2.fastq.gz"
"PR43D_R1.fastq.gz";"PR43_R1.fastq.gz"
"PR43D_R2.fastq.gz";"PR43_R2.fastq.gz"
"PR43R_R1.fastq.gz";"PR43R_R1.fastq.gz"
"PR43R_R2.fastq.gz";"PR43R_R2.fastq.gz"
"RO101D_R1.fastq.gz";"RO1-01D_R1.fastq.gz"
"RO101D_R2.fastq.gz";"RO1-01D_R2.fastq.gz"
"RO101R_R1.fastq.gz";"RO1-01R_R1.fastq.gz"
"RO101R_R2.fastq.gz";"RO1-01R_R2.fastq.gz"
"RO102D_R1.fastq.gz";"RO1-02_R1.fastq.gz"
"RO102D_R2.fastq.gz";"RO1-02_R2.fastq.gz"
"RO102R_R1.fastq.gz";"RO1-02R_R1.fastq.gz"
"RO102R_R2.fastq.gz";"RO1-02R_R2.fastq.gz"
"RO103D_R1.fastq.gz";"RO1-03D_R1.fastq.gz"
"RO103D_R2.fastq.gz";"RO1-03D_R2.fastq.gz"
"RO103R_R1.fastq.gz";"RO1-03R_R1.fastq.gz"
"RO103R_R2.fastq.gz";"RO1-03R_R2.fastq.gz"
"RO104D_R1.fastq.gz";"RO1-04D_R1.fastq.gz"
"RO104D_R2.fastq.gz";"RO1-04D_R2.fastq.gz"
"RO104R_R1.fastq.gz";"RO1-04R_R1.fastq.gz"
"RO104R_R2.fastq.gz";"RO1-04R_R2.fastq.gz"
"RO105R_R1.fastq.gz";"RO1-05R_R1.fastq.gz"
"RO105R_R2.fastq.gz";"RO1-05R_R2.fastq.gz"
"RO106.1D_R1.fastq.gz";"RO1-06_R1.fastq.gz"
"RO106.1D_R2.fastq.gz";"RO1-06_R2.fastq.gz"
"RO106.2D_R1.fastq.gz";"RO1-06D_R1.fastq.gz"
"RO106.2D_R2.fastq.gz";"RO1-06D_R2.fastq.gz"
"RO106R_R1.fastq.gz";"RO1-06R_R1.fastq.gz"
"RO106R_R2.fastq.gz";"RO1-06R_R2.fastq.gz"
"RO107D_R1.fastq.gz";"RO1-07_R1.fastq.gz"
"RO107D_R2.fastq.gz";"RO1-07_R2.fastq.gz"
"RO107R_R1.fastq.gz";"RO1-07R_R1.fastq.gz"
"RO107R_R2.fastq.gz";"RO1-07R_R2.fastq.gz"
"RO108D_R1.fastq.gz";"RO1-08_R1.fastq.gz"
"RO108D_R2.fastq.gz";"RO1-08_R2.fastq.gz"
"RO108R_R1.fastq.gz";"RO1-08R_R1.fastq.gz"
"RO108R_R2.fastq.gz";"RO1-08R_R2.fastq.gz"
"RO109D_R1.fastq.gz";"RO1-09_R1.fastq.gz"
"RO109D_R2.fastq.gz";"RO1-09_R2.fastq.gz"
"RO109R_R1.fastq.gz";"RO1-09R_R1.fastq.gz"
"RO109R_R2.fastq.gz";"RO1-09R_R2.fastq.gz"
"RO112D_R1.fastq.gz";"RO1-12_R1.fastq.gz"
"RO112D_R2.fastq.gz";"RO1-12_R2.fastq.gz"
"RO112R_R1.fastq.gz";"RO1-12R_R1.fastq.gz"
"RO112R_R2.fastq.gz";"RO1-12R_R2.fastq.gz"
"RO136D_R1.fastq.gz";"RO136D_R1.fastq.gz"
"RO136D_R2.fastq.gz";"RO136D_R2.fastq.gz"
"RO136R_R1.fastq.gz";"RO136R_R1.fastq.gz"
"RO136R_R2.fastq.gz";"RO136R_R2.fastq.gz"
"RO138D_R1.fastq.gz";"RO138D_R1.fastq.gz"
"RO138D_R2.fastq.gz";"RO138D_R2.fastq.gz"
"RO138R_R1.fastq.gz";"RO138R_R1.fastq.gz"
"RO138R_R2.fastq.gz";"RO138R_R2.fastq.gz"
"RO139D_R1.fastq.gz";"RO139D_R1.fastq.gz"
"RO139D_R2.fastq.gz";"RO139D_R2.fastq.gz"
"RO139R_R1.fastq.gz";"RO139R_R1.fastq.gz"
"RO139R_R2.fastq.gz";"RO139R_R2.fastq.gz"
"RO141D_R1.fastq.gz";"RO141D_R1.fastq.gz"
"RO141D_R2.fastq.gz";"RO141D_R2.fastq.gz"
"RO141R_R1.fastq.gz";"RO141R_R1.fastq.gz"
"RO141R_R2.fastq.gz";"RO141R_R2.fastq.gz"
"RO142D_R1.fastq.gz";"RO142D_R1.fastq.gz"
"RO142D_R2.fastq.gz";"RO142D_R2.fastq.gz"
"RO142R_R1.fastq.gz";"RO142R_R1.fastq.gz"
"RO142R_R2.fastq.gz";"RO142R_R2.fastq.gz"
"RO143D_R1.fastq.gz";"RO143D_R1.fastq.gz"
"RO143D_R2.fastq.gz";"RO143D_R2.fastq.gz"
"RO143R_R1.fastq.gz";"RO143R_R1.fastq.gz"
"RO143R_R2.fastq.gz";"RO143R_R2.fastq.gz"
"RO145HypoD_R1.fastq.gz";"RO145.HypoD_R1.fastq.gz"
"RO145HypoD_R2.fastq.gz";"RO145.HypoD_R2.fastq.gz"
"RO145HypoR_R1.fastq.gz";"RO145.HypoR_R1.fastq.gz"
"RO145HypoR_R2.fastq.gz";"RO145.HypoR_R2.fastq.gz"
"RO145D_R1.fastq.gz";"RO145D_R1.fastq.gz"
"RO145D_R2.fastq.gz";"RO145D_R2.fastq.gz"
"RO145R_R1.fastq.gz";"RO145R_R1.fastq.gz"
"RO145R_R2.fastq.gz";"RO145R_R2.fastq.gz"
"RO147D_R1.fastq.gz";"RO147D_R1.fastq.gz"
"RO147D_R2.fastq.gz";"RO147D_R2.fastq.gz"
"RO147R_R1.fastq.gz";"RO147R_R1.fastq.gz"
"RO147R_R2.fastq.gz";"RO147R_R2.fastq.gz"
"RO149D_R1.fastq.gz";"RO149D_R1.fastq.gz"
"RO149D_R2.fastq.gz";"RO149D_R2.fastq.gz"
"RO149R_R1.fastq.gz";"RO149R_R1.fastq.gz"
"RO149R_R2.fastq.gz";"RO149R_R2.fastq.gz"
"RO151D_R1.fastq.gz";"RO151D_R1.fastq.gz"
"RO151D_R2.fastq.gz";"RO151D_R2.fastq.gz"
"RO151R_R1.fastq.gz";"RO151R_R1.fastq.gz"
"RO151R_R2.fastq.gz";"RO151R_R2.fastq.gz"
"RO152HypoD_R1.fastq.gz";"RO152.HypoD_R1.fastq.gz"
"RO152HypoD_R2.fastq.gz";"RO152.HypoD_R2.fastq.gz"
"RO152HypoR_R1.fastq.gz";"RO152.HypoR_R1.fastq.gz"
"RO152HypoR_R2.fastq.gz";"RO152.HypoR_R2.fastq.gz"
"RO152D_R1.fastq.gz";"RO152D_R1.fastq.gz"
"RO152D_R2.fastq.gz";"RO152D_R2.fastq.gz"
"RO152R_R1.fastq.gz";"RO152R_R1.fastq.gz"
"RO152R_R2.fastq.gz";"RO152R_R2.fastq.gz"
"RO154D_R1.fastq.gz";"RO154D_R1.fastq.gz"
"RO154D_R2.fastq.gz";"RO154D_R2.fastq.gz"
"RO154R_R1.fastq.gz";"RO154R_R1.fastq.gz"
"RO154R_R2.fastq.gz";"RO154R_R2.fastq.gz"
"RO156D_R1.fastq.gz";"RO156D_R1.fastq.gz"
"RO156D_R2.fastq.gz";"RO156D_R2.fastq.gz"
"RO156R_R1.fastq.gz";"RO156R_R1.fastq.gz"
"RO156R_R2.fastq.gz";"RO156R_R2.fastq.gz"
"RO157D_R1.fastq.gz";"RO157D_R1.fastq.gz"
"RO157D_R2.fastq.gz";"RO157D_R2.fastq.gz"
"RO157R_R1.fastq.gz";"RO157R_R1.fastq.gz"
"RO157R_R2.fastq.gz";"RO157R_R2.fastq.gz"
"RO159D_R1.fastq.gz";"RO159D_R1.fastq.gz"
"RO159D_R2.fastq.gz";"RO159D_R2.fastq.gz"
"RO159R_R1.fastq.gz";"RO159R_R1.fastq.gz"
"RO159R_R2.fastq.gz";"RO159R_R2.fastq.gz"
"RO230.1D_R1.fastq.gz";"RO2-30_R1.fastq.gz"
"RO230.1D_R2.fastq.gz";"RO2-30_R2.fastq.gz"
"RO230.2D_R1.fastq.gz";"RO2-30D_R1.fastq.gz"
"RO230.2D_R2.fastq.gz";"RO2-30D_R2.fastq.gz"
"RO230DPR_R1.fastq.gz";"RO2-30DPR_R1.fastq.gz"
"RO230DPR_R2.fastq.gz";"RO2-30DPR_R2.fastq.gz"
"RO231D_R1.fastq.gz";"RO2-31D_R1.fastq.gz"
"RO231D_R2.fastq.gz";"RO2-31D_R2.fastq.gz"
"RO231R_R1.fastq.gz";"RO2-31R_R1.fastq.gz"
"RO231R_R2.fastq.gz";"RO2-31R_R2.fastq.gz"
"RO232D_R1.fastq.gz";"RO2-32D_R1.fastq.gz"
"RO232D_R2.fastq.gz";"RO2-32D_R2.fastq.gz"
"RO232R_R1.fastq.gz";"RO2-32R_R1.fastq.gz"
"RO232R_R2.fastq.gz";"RO2-32R_R2.fastq.gz"
"RO233D_R1.fastq.gz";"RO2-33D_R1.fastq.gz"
"RO233D_R2.fastq.gz";"RO2-33D_R2.fastq.gz"
"RO233R_R1.fastq.gz";"RO2-33R_R1.fastq.gz"
"RO233R_R2.fastq.gz";"RO2-33R_R2.fastq.gz"
"RO234D_R1.fastq.gz";"RO2-34_R1.fastq.gz"
"RO234D_R2.fastq.gz";"RO2-34_R2.fastq.gz"
"RO234R_R1.fastq.gz";"RO2-34R_R1.fastq.gz"
"RO234R_R2.fastq.gz";"RO2-34R_R2.fastq.gz"
"RO235D_R1.fastq.gz";"RO2-35_R1.fastq.gz"
"RO235D_R2.fastq.gz";"RO2-35_R2.fastq.gz"
"RO235R_R1.fastq.gz";"RO2-35R_R1.fastq.gz"
"RO235R_R2.fastq.gz";"RO2-35R_R2.fastq.gz"
"RO236pD_R1.fastq.gz";"RO2-36pD_R1.fastq.gz"
"RO236pD_R2.fastq.gz";"RO2-36pD_R2.fastq.gz"
"RO236pR_R1.fastq.gz";"RO2-36pR_R1.fastq.gz"
"RO236pR_R2.fastq.gz";"RO2-36pR_R2.fastq.gz"
"RO237D_R1.fastq.gz";"RO2-37D_R1.fastq.gz"
"RO237D_R2.fastq.gz";"RO2-37D_R2.fastq.gz"
"RO237R_R1.fastq.gz";"RO2-37R_R1.fastq.gz"
"RO237R_R2.fastq.gz";"RO2-37R_R2.fastq.gz"
"RO238D_R1.fastq.gz";"RO2-38_R1.fastq.gz"
"RO238D_R2.fastq.gz";"RO2-38_R2.fastq.gz"
"RO238R_R1.fastq.gz";"RO2-38R_R1.fastq.gz"
"RO238R_R2.fastq.gz";"RO2-38R_R2.fastq.gz"
"RO240D_R1.fastq.gz";"RO2-40_R1.fastq.gz"
"RO240D_R2.fastq.gz";"RO2-40_R2.fastq.gz"
"RO240R_R1.fastq.gz";"RO2-40R_R1.fastq.gz"
"RO240R_R2.fastq.gz";"RO2-40R_R2.fastq.gz"
"RO241D_R1.fastq.gz";"RO2-41D_R1.fastq.gz"
"RO241D_R2.fastq.gz";"RO2-41D_R2.fastq.gz"
"RO241R_R1.fastq.gz";"RO2-41R_R1.fastq.gz"
"RO241R_R2.fastq.gz";"RO2-41R_R2.fastq.gz"
"RO242D_R1.fastq.gz";"RO2-42D_R1.fastq.gz"
"RO242D_R2.fastq.gz";"RO2-42D_R2.fastq.gz"
"RO242R_R1.fastq.gz";"RO2-42R_R1.fastq.gz"
"RO242R_R2.fastq.gz";"RO2-42R_R2.fastq.gz"
"RO243D_R1.fastq.gz";"RO2-43D_R1.fastq.gz"
"RO243D_R2.fastq.gz";"RO2-43D_R2.fastq.gz"
"RO243R_R1.fastq.gz";"RO2-43R_R1.fastq.gz"
"RO243R_R2.fastq.gz";"RO2-43R_R2.fastq.gz"
"RO244D_R1.fastq.gz";"RO2-44D_R1.fastq.gz"
"RO244D_R2.fastq.gz";"RO2-44D_R2.fastq.gz"
"RO245D_R1.fastq.gz";"RO2-45D_R1.fastq.gz"
"RO245D_R2.fastq.gz";"RO2-45D_R2.fastq.gz"
"RO245R_R1.fastq.gz";"RO2-45R_R1.fastq.gz"
"RO245R_R2.fastq.gz";"RO2-45R_R2.fastq.gz"
"RO246D_R1.fastq.gz";"RO2-46_R1.fastq.gz"
"RO246D_R2.fastq.gz";"RO2-46_R2.fastq.gz"
"RO246R_R1.fastq.gz";"RO2-46R_R1.fastq.gz"
"RO246R_R2.fastq.gz";"RO2-46R_R2.fastq.gz"
"RO247D_R1.fastq.gz";"RO2-47_R1.fastq.gz"
"RO247D_R2.fastq.gz";"RO2-47_R2.fastq.gz"
"RO247R_R1.fastq.gz";"RO2-47R_R1.fastq.gz"
"RO247R_R2.fastq.gz";"RO2-47R_R2.fastq.gz"
"RO248D_R1.fastq.gz";"RO2-48_R1.fastq.gz"
"RO248D_R2.fastq.gz";"RO2-48_R2.fastq.gz"
"RO248R_R1.fastq.gz";"RO2-48R_R1.fastq.gz"
"RO248R_R2.fastq.gz";"RO2-48R_R2.fastq.gz"
"RO249D_R1.fastq.gz";"RO2-49_R1.fastq.gz"
"RO249D_R2.fastq.gz";"RO2-49_R2.fastq.gz"
"RO249R_R1.fastq.gz";"RO2-49R_R1.fastq.gz"
"RO249R_R2.fastq.gz";"RO2-49R_R2.fastq.gz"
"RO250D_R1.fastq.gz";"RO2-50_R1.fastq.gz"
"RO250D_R2.fastq.gz";"RO2-50_R2.fastq.gz"
"RO250R_R1.fastq.gz";"RO2-50R_R1.fastq.gz"
"RO250R_R2.fastq.gz";"RO2-50R_R2.fastq.gz"
"RO251D_R1.fastq.gz";"RO2-51_R1.fastq.gz"
"RO251D_R2.fastq.gz";"RO2-51_R2.fastq.gz"
"RO251R_R1.fastq.gz";"RO2-51R_R1.fastq.gz"
"RO251R_R2.fastq.gz";"RO2-51R_R2.fastq.gz"
"RO252D_R1.fastq.gz";"RO2-52_R1.fastq.gz"
"RO252D_R2.fastq.gz";"RO2-52_R2.fastq.gz"
"RO253D_R1.fastq.gz";"RO2-53_R1.fastq.gz"
"RO253D_R2.fastq.gz";"RO2-53_R2.fastq.gz"
"RO254R_R1.fastq.gz";"RO2-54R_R1.fastq.gz"
"RO254R_R2.fastq.gz";"RO2-54R_R2.fastq.gz"
"RO255D_R1.fastq.gz";"RO2-55_R1.fastq.gz"
"RO255D_R2.fastq.gz";"RO2-55_R2.fastq.gz"
"RO255R_R1.fastq.gz";"RO2-55R_R1.fastq.gz"
"RO255R_R2.fastq.gz";"RO2-55R_R2.fastq.gz"
"RO256D_R1.fastq.gz";"RO2-56_R1.fastq.gz"
"RO256D_R2.fastq.gz";"RO2-56_R2.fastq.gz"
"RO256R_R1.fastq.gz";"RO2-56R_R1.fastq.gz"
"RO256R_R2.fastq.gz";"RO2-56R_R2.fastq.gz"
"RO257D_R1.fastq.gz";"RO2-57_R1.fastq.gz"
"RO257D_R2.fastq.gz";"RO2-57_R2.fastq.gz"
"RO257R_R1.fastq.gz";"RO2-57R_R1.fastq.gz"
"RO257R_R2.fastq.gz";"RO2-57R_R2.fastq.gz"
"RO261D_R1.fastq.gz";"RO2-61D_R1.fastq.gz"
"RO261D_R2.fastq.gz";"RO2-61D_R2.fastq.gz"
"RO2100D_R1.fastq.gz";"RO2100D_R1.fastq.gz"
"RO2100D_R2.fastq.gz";"RO2100D_R2.fastq.gz"
"RO2100R_R1.fastq.gz";"RO2100R_R1.fastq.gz"
"RO2100R_R2.fastq.gz";"RO2100R_R2.fastq.gz"
"RO2102D_R1.fastq.gz";"RO2102D_R1.fastq.gz"
"RO2102D_R2.fastq.gz";"RO2102D_R2.fastq.gz"
"RO2102R_R1.fastq.gz";"RO2102R_R1.fastq.gz"
"RO2102R_R2.fastq.gz";"RO2102R_R2.fastq.gz"
"RO2104D_R1.fastq.gz";"RO2104D_R1.fastq.gz"
"RO2104D_R2.fastq.gz";"RO2104D_R2.fastq.gz"
"RO2104R_R1.fastq.gz";"RO2104R_R1.fastq.gz"
"RO2104R_R2.fastq.gz";"RO2104R_R2.fastq.gz"
"RO2108D_R1.fastq.gz";"RO2108D_R1.fastq.gz"
"RO2108D_R2.fastq.gz";"RO2108D_R2.fastq.gz"
"RO2108R_R1.fastq.gz";"RO2108R_R1.fastq.gz"
"RO2108R_R2.fastq.gz";"RO2108R_R2.fastq.gz"
"RO2110D_R1.fastq.gz";"RO2110D_R1.fastq.gz"
"RO2110D_R2.fastq.gz";"RO2110D_R2.fastq.gz"
"RO2110R_R1.fastq.gz";"RO2110R_R1.fastq.gz"
"RO2110R_R2.fastq.gz";"RO2110R_R2.fastq.gz"
"RO211140mD_R1.fastq.gz";"RO2111.40mD_R1.fastq.gz"
"RO211140mD_R2.fastq.gz";"RO2111.40mD_R2.fastq.gz"
"RO211140mR_R1.fastq.gz";"RO2111.40mR_R1.fastq.gz"
"RO211140mR_R2.fastq.gz";"RO2111.40mR_R2.fastq.gz"
"RO211160mD_R1.fastq.gz";"RO2111.60mD_R1.fastq.gz"
"RO211160mD_R2.fastq.gz";"RO2111.60mD_R2.fastq.gz"
"RO211190mR_R1.fastq.gz";"RO2111.90mR_R1.fastq.gz"
"RO211190mR_R2.fastq.gz";"RO2111.90mR_R2.fastq.gz"
"RO2111D_R1.fastq.gz";"RO2111D_R1.fastq.gz"
"RO2111D_R2.fastq.gz";"RO2111D_R2.fastq.gz"
"RO2111R_R1.fastq.gz";"RO2111R_R1.fastq.gz"
"RO2111R_R2.fastq.gz";"RO2111R_R2.fastq.gz"
"RO2113D_R1.fastq.gz";"RO2113D_R1.fastq.gz"
"RO2113D_R2.fastq.gz";"RO2113D_R2.fastq.gz"
"RO2113R_R1.fastq.gz";"RO2113R_R1.fastq.gz"
"RO2113R_R2.fastq.gz";"RO2113R_R2.fastq.gz"
"RO2117D_R1.fastq.gz";"RO2117D_R1.fastq.gz"
"RO2117D_R2.fastq.gz";"RO2117D_R2.fastq.gz"
"RO2117R_R1.fastq.gz";"RO2117R_R1.fastq.gz"
"RO2117R_R2.fastq.gz";"RO2117R_R2.fastq.gz"
"RO2118D_R1.fastq.gz";"RO2118D_R1.fastq.gz"
"RO2118D_R2.fastq.gz";"RO2118D_R2.fastq.gz"
"RO2118R_R1.fastq.gz";"RO2118R_R1.fastq.gz"
"RO2118R_R2.fastq.gz";"RO2118R_R2.fastq.gz"
"RO2119D_R1.fastq.gz";"RO2119D_R1.fastq.gz"
"RO2119D_R2.fastq.gz";"RO2119D_R2.fastq.gz"
"RO2119R_R1.fastq.gz";"RO2119R_R1.fastq.gz"
"RO2119R_R2.fastq.gz";"RO2119R_R2.fastq.gz"
"RO2120D_R1.fastq.gz";"RO2120D_R1.fastq.gz"
"RO2120D_R2.fastq.gz";"RO2120D_R2.fastq.gz"
"RO2120R_R1.fastq.gz";"RO2120R_R1.fastq.gz"
"RO2120R_R2.fastq.gz";"RO2120R_R2.fastq.gz"
"RO2122D_R1.fastq.gz";"RO2122D_R1.fastq.gz"
"RO2122D_R2.fastq.gz";"RO2122D_R2.fastq.gz"
"RO2122R_R1.fastq.gz";"RO2122R_R1.fastq.gz"
"RO2122R_R2.fastq.gz";"RO2122R_R2.fastq.gz"
"RO2124HypoD_R1.fastq.gz";"RO2124.HypoD_R1.fastq.gz"
"RO2124HypoD_R2.fastq.gz";"RO2124.HypoD_R2.fastq.gz"
"RO2124HypoR_R1.fastq.gz";"RO2124.HypoR_R1.fastq.gz"
"RO2124HypoR_R2.fastq.gz";"RO2124.HypoR_R2.fastq.gz"
"RO2124D_R1.fastq.gz";"RO2124D_R1.fastq.gz"
"RO2124D_R2.fastq.gz";"RO2124D_R2.fastq.gz"
"RO2124R_R1.fastq.gz";"RO2124R_R1.fastq.gz"
"RO2124R_R2.fastq.gz";"RO2124R_R2.fastq.gz"
"RO21269mD_R1.fastq.gz";"RO2126.9mD_R1.fastq.gz"
"RO21269mD_R2.fastq.gz";"RO2126.9mD_R2.fastq.gz"
"RO21269mR_R1.fastq.gz";"RO2126.9mR_R1.fastq.gz"
"RO21269mR_R2.fastq.gz";"RO2126.9mR_R2.fastq.gz"
"RO2126HypoD_R1.fastq.gz";"RO2126.HypoD_R1.fastq.gz"
"RO2126HypoD_R2.fastq.gz";"RO2126.HypoD_R2.fastq.gz"
"RO2126HypoR_R1.fastq.gz";"RO2126.HypoR_R1.fastq.gz"
"RO2126HypoR_R2.fastq.gz";"RO2126.HypoR_R2.fastq.gz"
"RO2126D_R1.fastq.gz";"RO2126D_R1.fastq.gz"
"RO2126D_R2.fastq.gz";"RO2126D_R2.fastq.gz"
"RO2126R_R1.fastq.gz";"RO2126R_R1.fastq.gz"
"RO2126R_R2.fastq.gz";"RO2126R_R2.fastq.gz"
"RO2132D_R1.fastq.gz";"RO2132D_R1.fastq.gz"
"RO2132D_R2.fastq.gz";"RO2132D_R2.fastq.gz"
"RO2132R_R1.fastq.gz";"RO2132R_R1.fastq.gz"
"RO2132R_R2.fastq.gz";"RO2132R_R2.fastq.gz"
"RO297D_R1.fastq.gz";"RO297D_R1.fastq.gz"
"RO297D_R2.fastq.gz";"RO297D_R2.fastq.gz"
"RO297R_R1.fastq.gz";"RO297R_R1.fastq.gz"
"RO297R_R2.fastq.gz";"RO297R_R2.fastq.gz"
"RO2987mD_R1.fastq.gz";"RO298.7mD_R1.fastq.gz"
"RO2987mD_R2.fastq.gz";"RO298.7mD_R2.fastq.gz"
"RO2987mR_R1.fastq.gz";"RO298.7mR_R1.fastq.gz"
"RO2987mR_R2.fastq.gz";"RO298.7mR_R2.fastq.gz"
"RO298D_R1.fastq.gz";"RO298D_R1.fastq.gz"
"RO298D_R2.fastq.gz";"RO298D_R2.fastq.gz"
"RO298R_R1.fastq.gz";"RO298R_R1.fastq.gz"
"RO298R_R2.fastq.gz";"RO298R_R2.fastq.gz"
"RO252R_R1.fastq.gz";"RO2R52R_R1.fastq.gz"
"RO252R_R2.fastq.gz";"RO2R52R_R2.fastq.gz"
"RO301HypoR_R1.fastq.gz";"RO301.HypoR_R1.fastq.gz"
"RO301HypoR_R2.fastq.gz";"RO301.HypoR_R2.fastq.gz"
"RO301R_R1.fastq.gz";"RO301R_R1.fastq.gz"
"RO301R_R2.fastq.gz";"RO301R_R2.fastq.gz"
"RO304R_R1.fastq.gz";"RO304R_R1.fastq.gz"
"RO304R_R2.fastq.gz";"RO304R_R2.fastq.gz"
"RO307R_R1.fastq.gz";"RO307R_R1.fastq.gz"
"RO307R_R2.fastq.gz";"RO307R_R2.fastq.gz"
"RO31HypoD_R1.fastq.gz";"RO31.HypoD_R1.fastq.gz"
"RO31HypoD_R2.fastq.gz";"RO31.HypoD_R2.fastq.gz"
"RO312D_R1.fastq.gz";"RO312D_R1.fastq.gz"
"RO312D_R2.fastq.gz";"RO312D_R2.fastq.gz"
"RO312R_R1.fastq.gz";"RO312R_R1.fastq.gz"
"RO312R_R2.fastq.gz";"RO312R_R2.fastq.gz"
"RO316D_R1.fastq.gz";"RO316D_R1.fastq.gz"
"RO316D_R2.fastq.gz";"RO316D_R2.fastq.gz"
"RO316R_R1.fastq.gz";"RO316R_R1.fastq.gz"
"RO316R_R2.fastq.gz";"RO316R_R2.fastq.gz"
"RO317D_R1.fastq.gz";"RO317D_R1.fastq.gz"
"RO317D_R2.fastq.gz";"RO317D_R2.fastq.gz"
"RO317R_R1.fastq.gz";"RO317R_R1.fastq.gz"
"RO317R_R2.fastq.gz";"RO317R_R2.fastq.gz"
"RO318HypoD_R1.fastq.gz";"RO318.HypoD_R1.fastq.gz"
"RO318HypoD_R2.fastq.gz";"RO318.HypoD_R2.fastq.gz"
"RO318HypoR_R1.fastq.gz";"RO318.HypoR_R1.fastq.gz"
"RO318HypoR_R2.fastq.gz";"RO318.HypoR_R2.fastq.gz"
"RO318D_R1.fastq.gz";"RO318D_R1.fastq.gz"
"RO318D_R2.fastq.gz";"RO318D_R2.fastq.gz"
"RO318R_R1.fastq.gz";"RO318R_R1.fastq.gz"
"RO318R_R2.fastq.gz";"RO318R_R2.fastq.gz"
"RO31D_R1.fastq.gz";"RO31D_R1.fastq.gz"
"RO31D_R2.fastq.gz";"RO31D_R2.fastq.gz"
"RO34D_R1.fastq.gz";"RO34D_R1.fastq.gz"
"RO34D_R2.fastq.gz";"RO34D_R2.fastq.gz"
"RO37D_R1.fastq.gz";"RO37D_R1.fastq.gz"
"RO37D_R2.fastq.gz";"RO37D_R2.fastq.gz"
"S33D_R1.fastq.gz";"S33D_R1.fastq.gz"
"S33D_R2.fastq.gz";"S33D_R2.fastq.gz"
"S33R_R1.fastq.gz";"S33R_R1.fastq.gz"
"S33R_R2.fastq.gz";"S33R_R2.fastq.gz"
"S34D_R1.fastq.gz";"S34D_R1.fastq.gz"
"S34D_R2.fastq.gz";"S34D_R2.fastq.gz"
"S34R_R1.fastq.gz";"S34R_R1.fastq.gz"
"S34R_R2.fastq.gz";"S34R_R2.fastq.gz"
"S35D_R1.fastq.gz";"S35D_R1.fastq.gz"
"S35D_R2.fastq.gz";"S35D_R2.fastq.gz"
"S35R_R1.fastq.gz";"S35R_R1.fastq.gz"
"S35R_R2.fastq.gz";"S35R_R2.fastq.gz"
"S36D_R1.fastq.gz";"S36D_R1.fastq.gz"
"S36D_R2.fastq.gz";"S36D_R2.fastq.gz"
"S36R_R1.fastq.gz";"S36R_R1.fastq.gz"
"S36R_R2.fastq.gz";"S36R_R2.fastq.gz"
"S37D_R1.fastq.gz";"S37D_R1.fastq.gz"
"S37D_R2.fastq.gz";"S37D_R2.fastq.gz"
"S37R_R1.fastq.gz";"S37R_R1.fastq.gz"
"S37R_R2.fastq.gz";"S37R_R2.fastq.gz"
"S39D_R1.fastq.gz";"S39D_R1.fastq.gz"
"S39D_R2.fastq.gz";"S39D_R2.fastq.gz"
"S39R_R1.fastq.gz";"S39R_R1.fastq.gz"
"S39R_R2.fastq.gz";"S39R_R2.fastq.gz"
"S40D_R1.fastq.gz";"S40D_R1.fastq.gz"
"S40D_R2.fastq.gz";"S40D_R2.fastq.gz"
"S40R_R1.fastq.gz";"S40R_R1.fastq.gz"
"S40R_R2.fastq.gz";"S40R_R2.fastq.gz"
"S42D_R1.fastq.gz";"S42D_R1.fastq.gz"
"S42D_R2.fastq.gz";"S42D_R2.fastq.gz"
"S42R_R1.fastq.gz";"S42R_R1.fastq.gz"
"S42R_R2.fastq.gz";"S42R_R2.fastq.gz"
"SW24D_R1.fastq.gz";"SW24_R1.fastq.gz"
"SW24D_R2.fastq.gz";"SW24_R2.fastq.gz"
"SW24DSeq_R1.fastq.gz";"SW24DSeq_R1.fastq.gz"
"SW24DSeq_R2.fastq.gz";"SW24DSeq_R2.fastq.gz"
"SW24R_R1.fastq.gz";"SW24R_R1.fastq.gz"
"SW24R_R2.fastq.gz";"SW24R_R2.fastq.gz"
"SW26D_R1.fastq.gz";"SW26_R1.fastq.gz"
"SW26D_R2.fastq.gz";"SW26_R2.fastq.gz"
"SW26R_R1.fastq.gz";"SW26R_R1.fastq.gz"
"SW26R_R2.fastq.gz";"SW26R_R2.fastq.gz"
"SW27D_R1.fastq.gz";"SW27D_R1.fastq.gz"
"SW27D_R2.fastq.gz";"SW27D_R2.fastq.gz"
"SW27R_R1.fastq.gz";"SW27R_R1.fastq.gz"
"SW27R_R2.fastq.gz";"SW27R_R2.fastq.gz"
"SW28D_R1.fastq.gz";"SW28D_R1.fastq.gz"
"SW28D_R2.fastq.gz";"SW28D_R2.fastq.gz"
"SW28R_R1.fastq.gz";"SW28R_R1.fastq.gz"
"SW28R_R2.fastq.gz";"SW28R_R2.fastq.gz"
"SW30D_R1.fastq.gz";"SW30D_R1.fastq.gz"
"SW30D_R2.fastq.gz";"SW30D_R2.fastq.gz"
"SW30R_R1.fastq.gz";"SW30R_R1.fastq.gz"
"SW30R_R2.fastq.gz";"SW30R_R2.fastq.gz"
"SW31D_R1.fastq.gz";"SW31D_R1.fastq.gz"
"SW31D_R2.fastq.gz";"SW31D_R2.fastq.gz"
"SW31R_R1.fastq.gz";"SW31R_R1.fastq.gz"
"SW31R_R2.fastq.gz";"SW31R_R2.fastq.gz"
"SW33D_R1.fastq.gz";"SW33_R1.fastq.gz"
"SW33D_R2.fastq.gz";"SW33_R2.fastq.gz"
"SW33R_R1.fastq.gz";"SW33R_R1.fastq.gz"
"SW33R_R2.fastq.gz";"SW33R_R2.fastq.gz"
"SW34D_R1.fastq.gz";"SW34_R1.fastq.gz"
"SW34D_R2.fastq.gz";"SW34_R2.fastq.gz"
"SW35D_R1.fastq.gz";"SW35_R1.fastq.gz"
"SW35D_R2.fastq.gz";"SW35_R2.fastq.gz"
"SW35DSeq_R1.fastq.gz";"SW35DSeq_R1.fastq.gz"
"SW35DSeq_R2.fastq.gz";"SW35DSeq_R2.fastq.gz"
"SW35R_R1.fastq.gz";"SW35R_R1.fastq.gz"
"SW35R_R2.fastq.gz";"SW35R_R2.fastq.gz"
"SW36D_R1.fastq.gz";"SW36_R1.fastq.gz"
"SW36D_R2.fastq.gz";"SW36_R2.fastq.gz"
"SW36R_R1.fastq.gz";"SW36R_R1.fastq.gz"
"SW36R_R2.fastq.gz";"SW36R_R2.fastq.gz"
"SW37D_R1.fastq.gz";"SW37_R1.fastq.gz"
"SW37D_R2.fastq.gz";"SW37_R2.fastq.gz"
"SW39D_R1.fastq.gz";"SW39_R1.fastq.gz"
"SW39D_R2.fastq.gz";"SW39_R2.fastq.gz"
"SW40D_R1.fastq.gz";"SW40_R1.fastq.gz"
"SW40D_R2.fastq.gz";"SW40_R2.fastq.gz"
"SW40R_R1.fastq.gz";"SW40R_R1.fastq.gz"
"SW40R_R2.fastq.gz";"SW40R_R2.fastq.gz"
"SW42D_R1.fastq.gz";"SW42_R1.fastq.gz"
"SW42D_R2.fastq.gz";"SW42_R2.fastq.gz"
"SW42R_R1.fastq.gz";"SW42R_R1.fastq.gz"
"SW42R_R2.fastq.gz";"SW42R_R2.fastq.gz"
"SW43D_R1.fastq.gz";"SW43_R1.fastq.gz"
"SW43D_R2.fastq.gz";"SW43_R2.fastq.gz"
"SW43R_R1.fastq.gz";"SW43R_R1.fastq.gz"
"SW43R_R2.fastq.gz";"SW43R_R2.fastq.gz"
"SWR34R_R1.fastq.gz";"SWR34R_R1.fastq.gz"
"SWR34R_R2.fastq.gz";"SWR34R_R2.fastq.gz"
"THW1D_R1.fastq.gz";"T-HW1D_R1.fastq.gz"
"THW1D_R2.fastq.gz";"T-HW1D_R2.fastq.gz"
"T47D_R1.fastq.gz";"T47D_R1.fastq.gz"
"T47D_R2.fastq.gz";"T47D_R2.fastq.gz"
"T47R_R1.fastq.gz";"T47R_R1.fastq.gz"
"T47R_R2.fastq.gz";"T47R_R2.fastq.gz"
"T48D_R1.fastq.gz";"T48D_R1.fastq.gz"
"T48D_R2.fastq.gz";"T48D_R2.fastq.gz"
"T48R_R1.fastq.gz";"T48R_R1.fastq.gz"
"T48R_R2.fastq.gz";"T48R_R2.fastq.gz"
"TR49.1D_R1.fastq.gz";"TR49_R1.fastq.gz"
"TR49.1D_R2.fastq.gz";"TR49_R2.fastq.gz"
"TR49.2D_R1.fastq.gz";"TR49D_R1.fastq.gz"
"TR49.2D_R2.fastq.gz";"TR49D_R2.fastq.gz"
"TR49R_R1.fastq.gz";"TR49R_R1.fastq.gz"
"TR49R_R2.fastq.gz";"TR49R_R2.fastq.gz"
"TR56D_R1.fastq.gz";"TR56D_R1.fastq.gz"
"TR56D_R2.fastq.gz";"TR56D_R2.fastq.gz"
"TR56R_R1.fastq.gz";"TR56R_R1.fastq.gz"
"TR56R_R2.fastq.gz";"TR56R_R2.fastq.gz"
"TR57D_R1.fastq.gz";"TR57D_R1.fastq.gz"
"TR57D_R2.fastq.gz";"TR57D_R2.fastq.gz"
"TR57R_R1.fastq.gz";"TR57R_R1.fastq.gz"
"TR57R_R2.fastq.gz";"TR57R_R2.fastq.gz"
